Name,Type,Color,Power Supply,Side Panel,External Volume,"Internal 3.5"" Bays",Rating,Price,image_url
Montech XR (75),TypeATX Mid Tower,ColorBlack,Power SupplyNone,Side PanelTempered Glass,External Volume45.0 L,"Internal 3.5"" Bays2",(75),€68.30Add,https://cdna.pcpartpicker.com/static/forever/images/product/dfa4f5783baf38a029b75e60cb883d12.256p.jpg
Phanteks XT PRO (15),TypeATX Mid Tower,ColorBlack,Power SupplyNone,Side PanelTempered Glass,External Volume51.8 L,"Internal 3.5"" Bays2",(15),€52.37Add,https://cdna.pcpartpicker.com/static/forever/images/product/4beb27272519c97f098ceab48df1e12c.256p.jpg
Corsair 3500X ARGB (9),TypeATX Mid Tower,ColorWhite,Power SupplyNone,Side PanelTempered Glass,External Volume55.9 L,"Internal 3.5"" Bays2",(9),€119.99Add,https://cdna.pcpartpicker.com/static/forever/images/product/a740f5cb83faa73c1d8a62945833056e.256p.jpg
NZXT H5 Flow (2024) (14),TypeATX Mid Tower,ColorBlack,Power SupplyNone,Side PanelTempered Glass,External Volume45.0 L,"Internal 3.5"" Bays1",(14),€82.99Add,https://cdna.pcpartpicker.com/static/forever/images/product/640e44d6b2b0264413b089545b628d0a.256p.jpg
Corsair 3500X ARGB (19),TypeATX Mid Tower,ColorBlack,Power SupplyNone,Side PanelTempered Glass,External Volume55.9 L,"Internal 3.5"" Bays2",(19),€129.00Add,https://cdna.pcpartpicker.com/static/forever/images/product/f488ef9e12f2c763481fa0a720647dfd.256p.jpg
Lian Li O11 VISION COMPACT (25),TypeATX Mid Tower,ColorBlack,Power SupplyNone,Side PanelTempered Glass,External Volume57.4 L,"Internal 3.5"" Bays2",(25),€133.60Add,https://cdna.pcpartpicker.com/static/forever/images/product/f68bf787cff2da68c4f1dfe73a9981b4.256p.jpg
Cooler Master MasterBox Q300L (184),TypeMicroATX Mini Tower,ColorBlack,Power SupplyNone,Side PanelAcrylic,External Volume33.6 L,"Internal 3.5"" Bays1",(184),€49.53Add,https://cdna.pcpartpicker.com/static/forever/images/product/ec48e16ee4d6629045cfc4d71c649746.256p.jpg
Lian Li Vector V100R (12),TypeATX Mid Tower,ColorBlack,Power SupplyNone,Side PanelTempered Glass,External Volume53.2 L,"Internal 3.5"" Bays1",(12),€84.10Add,https://cdna.pcpartpicker.com/static/forever/images/product/33c1bd4bd2b68730e185a80a0b6e7750.256p.jpg
Fractal Design North (74),TypeATX Mid Tower,ColorBlack,Power SupplyNone,Side PanelTempered Glass,External Volume45.1 L,"Internal 3.5"" Bays2",(74),€147.35Add,https://cdna.pcpartpicker.com/static/forever/images/product/1977a3a3f6f1238d12ea2a555be4d7ce.256p.jpg
Lian Li O11 VISION COMPACT (27),TypeATX Mid Tower,ColorWhite,Power SupplyNone,Side PanelTempered Glass,External Volume57.4 L,"Internal 3.5"" Bays2",(27),€133.60Add,https://cdna.pcpartpicker.com/static/forever/images/product/2378ddd83c556329e01372a181d44328.256p.jpg
HYTE Y70 Touch Infinite (6),TypeATX Mid Tower,ColorWhite,Power SupplyNone,Side PanelTempered Glass,External Volume70.7 L,"Internal 3.5"" Bays2",(6),€169.00Add,https://cdna.pcpartpicker.com/static/forever/images/product/48cf06b9156aa9e1b662b35af8eb2a3b.256p.jpg
Lian Li O11 Dynamic Mini V2 (8),TypeATX Mini Tower,ColorBlack,Power SupplyNone,Side PanelTempered Glass,External Volume45.4 L,"Internal 3.5"" Bays2",(8),€93.17Add,https://cdna.pcpartpicker.com/static/forever/images/product/bf613e9d7fc5e9975f3e2609d985d9d9.256p.jpg
Phanteks Eclipse G370A (3),TypeATX Mid Tower,ColorBlack,Power SupplyNone,Side PanelTempered Glass,External Volume48.7 L,"Internal 3.5"" Bays0",(3),€65.80Add,https://cdna.pcpartpicker.com/static/forever/images/product/bbff08990bf49c7db84fbbd100460516.256p.jpg
Corsair FRAME 4000D RS ARGB (20),TypeATX Mid Tower,ColorBlack,Power SupplyNone,Side PanelTempered Glass,External Volume56.7 L,"Internal 3.5"" Bays2",(20),€109.90Add,https://cdna.pcpartpicker.com/static/forever/images/product/b92de105986e31796925b0c95a335fa0.256p.jpg
Fractal Design North XL (21),TypeATX Full Tower,ColorBlack,Power SupplyNone,Side PanelTinted Tempered Glass,External Volume61.4 L,"Internal 3.5"" Bays2",(21),€178.17Add,https://cdna.pcpartpicker.com/static/forever/images/product/de8d089eec0681bef6c59b47f908e2ef.256p.jpg
Lian Li A3-mATX (25),TypeMicroATX Mini Tower,ColorBlack,Power SupplyNone,Side PanelMesh,External Volume26.3 L,"Internal 3.5"" Bays1",(25),€69.44Add,https://cdna.pcpartpicker.com/static/forever/images/product/e2090d6841bfea8c2ec3aee350b4a3ab.256p.jpg
HYTE Y70 Touch Infinite (7),TypeATX Mid Tower,ColorBlack,Power SupplyNone,Side PanelTempered Glass,External Volume70.7 L,"Internal 3.5"" Bays2",(7),€400.20Add,https://cdna.pcpartpicker.com/static/forever/images/product/6c34ad3e10021abab186c77e8fde0328.256p.jpg
Lian Li O11D EVO RGB (23),TypeATX Mid Tower,ColorBlack,Power SupplyNone,Side PanelTempered Glass,External Volume65.3 L,"Internal 3.5"" Bays4",(23),€164.83Add,https://cdna.pcpartpicker.com/static/forever/images/product/97f123a53cbb3ce24652396462da17d1.256p.jpg
Phanteks XT PRO ULTRA (25),TypeATX Mid Tower,ColorBlack,Power SupplyNone,Side PanelTempered Glass,External Volume51.8 L,"Internal 3.5"" Bays2",(25),€74.90Add,https://cdna.pcpartpicker.com/static/forever/images/product/b799e3113602fc415370943709415190.256p.jpg
Lian Li O11 Dynamic Mini V2 (3),TypeATX Mini Tower,ColorWhite,Power SupplyNone,Side PanelTempered Glass,External Volume45.4 L,"Internal 3.5"" Bays2",(3),€93.90Add,https://cdna.pcpartpicker.com/static/forever/images/product/b5bba2bf9953c73986a2b94c01e3a90e.256p.jpg
Lian Li Lancool 207 (30),TypeATX Mid Tower,ColorBlue,Power SupplyNone,Side PanelTempered Glass,External Volume45.5 L,"Internal 3.5"" Bays2",(30),€90.44Add,https://cdna.pcpartpicker.com/static/forever/images/product/393f3d73165045839334a1621040ee20.256p.jpg
Lian Li A3-mATX (36),TypeMicroATX Mini Tower,ColorBlack / Brown,Power SupplyNone,Side PanelMesh,External Volume26.3 L,"Internal 3.5"" Bays1",(36),€84.49Add,https://cdna.pcpartpicker.com/static/forever/images/product/4b279bc4cdfb4a3e52c9bfa879746ab5.256p.jpg
Corsair 4000D Airflow (379),TypeATX Mid Tower,ColorBlack,Power SupplyNone,Side PanelTinted Tempered Glass,External Volume48.6 L,"Internal 3.5"" Bays2",(379),Out of stock€105.40Add,https://cdna.pcpartpicker.com/static/forever/images/product/bc6e987da3fe22c616898d1d7fa3d227.256p.jpg
NZXT H3 Flow (12),TypeMicroATX Mid Tower,ColorBlack,Power SupplyNone,Side PanelTinted Tempered Glass,External Volume35.0 L,"Internal 3.5"" Bays1",(12),€69.95Add,https://cdna.pcpartpicker.com/static/forever/images/product/5b23443767ef786094bc4b6add8112a8.256p.jpg
NZXT H9 Flow (2025) (2),TypeATX Mid Tower,ColorBlack,Power SupplyNone,Side PanelTinted Tempered Glass,External Volume76.7 L,"Internal 3.5"" Bays2",(2),€161.80Add,https://cdna.pcpartpicker.com/static/forever/images/product/0cda49e883ff1ea3cab69e0808746f27.256p.jpg
Silverstone ALTA F2 (0),TypeATX Full Tower,ColorBlack,Power SupplyNone,Side PanelTempered Glass,External Volume98.9 L,"Internal 3.5"" Bays8",(0),€934.90Add,https://cdna.pcpartpicker.com/static/forever/images/product/4ff42fa090d41392739d099e28baf56f.256p.jpg
NZXT H6 Flow (37),TypeATX Mid Tower,ColorBlack,Power SupplyNone,Side PanelTempered Glass,External Volume51.8 L,"Internal 3.5"" Bays1",(37),€119.95Add,https://cdna.pcpartpicker.com/static/forever/images/product/0ff9e0317d9c4b1e99938a2f02ccb165.256p.jpg
Lian Li LANCOOL 217 (9),TypeATX Mid Tower,ColorBlack / Brown,Power SupplyNone,Side PanelTempered Glass,External Volume57.7 L,"Internal 3.5"" Bays1",(9),€111.17Add,https://cdna.pcpartpicker.com/static/forever/images/product/610e12d560e4933d797d322e677d0066.256p.jpg
HYTE Y70 (8),TypeATX Mid Tower,ColorWhite,Power SupplyNone,Side PanelTempered Glass,External Volume70.7 L,"Internal 3.5"" Bays2",(8),€233.00Add,https://cdna.pcpartpicker.com/static/forever/images/product/6af31e169a3db76f5ddb2697518639d6.256p.jpg
Fractal Design Terra (24),TypeMini ITX Desktop,ColorBlack / Brown,Power SupplyNone,Side PanelMesh,External Volume11.4 L,"Internal 3.5"" Bays0",(24),€192.80Add,https://cdna.pcpartpicker.com/static/forever/images/product/93603f04dde2fe42335d278e66b80c4d.256p.jpg
MUSETEX Y6 (4),TypeATX Mid Tower,ColorWhite,Power SupplyNone,Side PanelTempered Glass,External Volume40.9 L,"Internal 3.5"" Bays2",(4),Add,https://m.media-amazon.com/images/I/513aAkRAd0L.jpg
Lian Li O11 Dynamic EVO XL (19),TypeATX Full Tower,ColorBlack,Power SupplyNone,Side PanelTempered Glass,External Volume84.4 L,"Internal 3.5"" Bays4",(19),€241.80Add,https://cdna.pcpartpicker.com/static/forever/images/product/1ec7a3be51497aa3abf33c2afcdbf5d0.256p.jpg
Montech AIR 903 MAX (63),TypeATX Mid Tower,ColorBlack,Power SupplyNone,Side PanelTempered Glass,External Volume54.2 L,"Internal 3.5"" Bays2",(63),€79.10Add,https://m.media-amazon.com/images/I/519WrOWiOhL.jpg
Phanteks XT M3 (4),TypeMicroATX Mid Tower,ColorBlack,Power SupplyNone,Side PanelTempered Glass,External Volume40.0 L,"Internal 3.5"" Bays1",(4),€60.90Add,https://cdna.pcpartpicker.com/static/forever/images/product/2013c4ce3ec7d5db6186ff0fc52b98b2.256p.jpg
Fractal Design Pop XL Air (13),TypeATX Full Tower,ColorBlack,Power SupplyNone,Side PanelTempered Glass,External Volume62.4 L,"Internal 3.5"" Bays3",(13),€108.17Add,https://cdna.pcpartpicker.com/static/forever/images/product/048e9d2f829061df55885fb8eabd5952.256p.jpg
Lian Li O11 Dynamic Mini V2 Flow (6),TypeATX Mini Tower,ColorBlack,Power SupplyNone,Side PanelTempered Glass,External Volume45.4 L,"Internal 3.5"" Bays2",(6),€103.70Add,https://cdna.pcpartpicker.com/static/forever/images/product/5f89ad4bc841aa602653d1435436b0a7.256p.jpg
HYTE Y70 (4),TypeATX Mid Tower,ColorBlack,Power SupplyNone,Side PanelTempered Glass,External Volume70.7 L,"Internal 3.5"" Bays2",(4),€219.17Add,https://cdna.pcpartpicker.com/static/forever/images/product/e3d7a1d651e10ee06ee3aae4eda51f05.256p.jpg
Corsair FRAME 4000D (14),TypeATX Mid Tower,ColorBlack,Power SupplyNone,Side PanelTempered Glass,External Volume56.7 L,"Internal 3.5"" Bays2",(14),€99.95Add,https://cdna.pcpartpicker.com/static/forever/images/product/b86799fcc72abe55bb03359a550ccdf6.256p.jpg
Montech AIR 100 ARGB (50),TypeMicroATX Mid Tower,ColorBlack,Power SupplyNone,Side PanelTempered Glass,External Volume36.1 L,"Internal 3.5"" Bays2",(50),€48.35Add,https://cdna.pcpartpicker.com/static/forever/images/product/24adca630b5c708e106099fc958825a1.256p.jpg
NZXT H6 Flow (48),TypeATX Mid Tower,ColorWhite,Power SupplyNone,Side PanelTempered Glass,External Volume51.8 L,"Internal 3.5"" Bays1",(48),€112.14Add,https://cdna.pcpartpicker.com/static/forever/images/product/f0363dfe4d946330b9b5f65a3b38722f.256p.jpg
Fractal Design Meshify C (301),TypeATX Mid Tower,ColorBlack,Power SupplyNone,Side PanelTinted Tempered Glass,External Volume40.6 L,"Internal 3.5"" Bays2",(301),€102.49Add,https://cdna.pcpartpicker.com/static/forever/images/product/5e077c6b1272ca2c11e4f7df6326370a.256p.jpg
Montech XR (13),TypeATX Mid Tower,ColorWhite,Power SupplyNone,Side PanelTempered Glass,External Volume45.0 L,"Internal 3.5"" Bays2",(13),€68.30Add,https://m.media-amazon.com/images/I/41p+1HCX2BL.jpg
Montech AIR 903 BASE (17),TypeATX Mid Tower,ColorBlack,Power SupplyNone,Side PanelTempered Glass,External Volume54.2 L,"Internal 3.5"" Bays2",(17),€68.01Add,https://m.media-amazon.com/images/I/51HK6wbkmnL.jpg
Lian Li VECTOR V100R MINI (0),TypeMicroATX Mid Tower,ColorBlack,Power SupplyNone,Side PanelTempered Glass,External Volume42.9 L,"Internal 3.5"" Bays1",(0),€64.40Add,https://cdna.pcpartpicker.com/static/forever/images/product/6de2a66396686e0d8ae87631e46fc6b4.256p.jpg
Cooler Master MasterBox NR200 (50),TypeMini ITX Desktop,ColorBlack,Power SupplyNone,Side PanelNone,External Volume20.3 L,"Internal 3.5"" Bays2",(50),Add,https://cdna.pcpartpicker.com/static/forever/images/product/d31150b26d756cc5e2221e63f264e8d6.256p.jpg
Corsair 9000D RGB AIRFLOW (1),TypeATX Full Tower,ColorBlack,Power SupplyNone,Side PanelTempered Glass,External Volume149.6 L,"Internal 3.5"" Bays5",(1),€538.99Add,https://cdna.pcpartpicker.com/static/forever/images/product/31bfc270950571313482b67027c01cf2.256p.jpg
NZXT H7 Flow (2024) (8),TypeATX Mid Tower,ColorBlack,Power SupplyNone,Side PanelTempered Glass,External Volume62.1 L,"Internal 3.5"" Bays2",(8),€119.95Add,https://cdna.pcpartpicker.com/static/forever/images/product/1adad593d049169c8f3bb35a682a0fab.256p.jpg
Lian Li O11D EVO RGB (11),TypeATX Mid Tower,ColorWhite,Power SupplyNone,Side PanelTempered Glass,External Volume65.3 L,"Internal 3.5"" Bays4",(11),€182.80Add,https://cdna.pcpartpicker.com/static/forever/images/product/91cbef8ecb9206268c9c7e78461e4262.256p.jpg
Lian Li A3-mATX (3),TypeMicroATX Mini Tower,ColorBlack / Brown,Power SupplyNone,Side PanelTempered Glass,External Volume26.3 L,"Internal 3.5"" Bays1",(3),€84.49Add,https://cdna.pcpartpicker.com/static/forever/images/product/95b91096ca28bcf182804214fdad4e53.256p.jpg
Antec C5 ARGB (34),TypeATX Mid Tower,ColorBlack,Power SupplyNone,Side PanelTempered Glass,External Volume,"Internal 3.5"" Bays1",(34),€117.80Add,https://cdna.pcpartpicker.com/static/forever/images/product/47f5f80539aa5e8cc9f4d5ebe8cd1dd2.256p.jpg
Fractal Design North (36),TypeATX Mid Tower,ColorBlack,Power SupplyNone,Side PanelMesh,External Volume45.1 L,"Internal 3.5"" Bays2",(36),€147.35Add,https://m.media-amazon.com/images/I/41O+WwRauuL.jpg
Lian Li LANCOOL 216 RGB (57),TypeATX Mid Tower,ColorBlack,Power SupplyNone,Side PanelTempered Glass,External Volume55.6 L,"Internal 3.5"" Bays2",(57),€100.40Add,https://cdna.pcpartpicker.com/static/forever/images/product/372a584cebeca5f57266bf0f07e6831c.256p.jpg
NZXT H5 Flow (2024) (5),TypeATX Mid Tower,ColorWhite,Power SupplyNone,Side PanelTempered Glass,External Volume45.0 L,"Internal 3.5"" Bays1",(5),€89.00Add,https://cdna.pcpartpicker.com/static/forever/images/product/7cf2496c391fed651c191c4c19dcd8df.256p.jpg
Corsair 3500X (9),TypeATX Mid Tower,ColorBlack,Power SupplyNone,Side PanelTempered Glass,External Volume55.9 L,"Internal 3.5"" Bays2",(9),€89.95Add,https://cdna.pcpartpicker.com/static/forever/images/product/7ed7216607a1241d218bb8e18efa0264.256p.jpg
Fractal Design Terra (26),TypeMini ITX Desktop,ColorGreen / Brown,Power SupplyNone,Side PanelMesh,External Volume11.4 L,"Internal 3.5"" Bays0",(26),€192.80Add,https://cdna.pcpartpicker.com/static/forever/images/product/46f3b3672c252def1f9cc56db0a11b61.256p.jpg
MSI MAG FORGE 321R AIRFLOW (2),TypeATX Mid Tower,ColorBlack,Power SupplyNone,Side PanelTempered Glass,External Volume49.4 L,"Internal 3.5"" Bays2",(2),€76.98Add,https://cdna.pcpartpicker.com/static/forever/images/product/71da8ca66086fde771b7f355b11ccf10.256p.jpg
Lian Li Vector V100R (0),TypeATX Mid Tower,ColorWhite,Power SupplyNone,Side PanelTempered Glass,External Volume53.2 L,"Internal 3.5"" Bays1",(0),€84.10Add,https://m.media-amazon.com/images/I/41Iw6-0mo9L.jpg
Antec C8 (12),TypeATX Full Tower,ColorBlack,Power SupplyNone,Side PanelTempered Glass,External Volume66.9 L,"Internal 3.5"" Bays2",(12),€113.11Add,https://cdna.pcpartpicker.com/static/forever/images/product/881b5d3048a3e6c614c565698022feb6.256p.jpg
Thermaltake V100 Perforated (3),TypeATX Mid Tower,ColorBlack,Power SupplyNone,Side PanelNone,External Volume36.6 L,"Internal 3.5"" Bays2",(3),Add,https://cdna.pcpartpicker.com/static/forever/images/product/42a5f5f534cfc75efc6b50ab01e198d3.256p.jpg
Asus Prime AP201 (59),TypeMicroATX Mini Tower,ColorBlack,Power SupplyNone,Side PanelMesh,External Volume33.0 L,"Internal 3.5"" Bays3",(59),€81.90Add,https://cdna.pcpartpicker.com/static/forever/images/product/e40d8d2f2651fa6faca4e0a4552f8545.256p.jpg
Montech KING 95 PRO (38),TypeATX Mid Tower,ColorBlack,Power SupplyNone,Side PanelTempered Glass,External Volume63.0 L,"Internal 3.5"" Bays5",(38),€152.90Add,https://cdna.pcpartpicker.com/static/forever/images/product/6e645766ef331a1911f2c74016db9efa.256p.jpg
Antec NX200M (7),TypeMicroATX Mid Tower,ColorBlack,Power SupplyNone,Side PanelTempered Glass,External Volume,"Internal 3.5"" Bays2",(7),€180.61Add,https://cdna.pcpartpicker.com/static/forever/images/product/b9f53fa6d3dedcf9f18c0cbf92d99cdf.256p.jpg
Asus ROG Strix Helios (15),TypeATX Full Tower,ColorBlack,Power SupplyNone,Side PanelTempered Glass,External Volume83.5 L,"Internal 3.5"" Bays2",(15),€1587.69Add,https://cdna.pcpartpicker.com/static/forever/images/product/7fb0b865a88be851eb7fdac685bf373c.256p.jpg
Lian Li O11 Dynamic EVO XL (3),TypeATX Full Tower,ColorWhite,Power SupplyNone,Side PanelTempered Glass,External Volume84.4 L,"Internal 3.5"" Bays4",(3),€251.70Add,https://cdna.pcpartpicker.com/static/forever/images/product/dfc47937e6bd43628ec6ed2034d2e0ab.256p.jpg
Lian Li A4-H20 X4 (19),TypeMini ITX Desktop,ColorBlack,Power SupplyNone,Side PanelMesh,External Volume11.1 L,"Internal 3.5"" Bays0",(19),€167.45Add,https://cdna.pcpartpicker.com/static/forever/images/product/5976fcee24c589859552a9f087690430.256p.jpg
Lian Li A3-mATX (7),TypeMicroATX Mini Tower,ColorWhite / Brown,Power SupplyNone,Side PanelTempered Glass,External Volume26.3 L,"Internal 3.5"" Bays1",(7),€73.44Add,https://cdna.pcpartpicker.com/static/forever/images/product/147f3c308af738ae654e7cd9361fb780.256p.jpg
NZXT H9 Flow RGB+ (2025) (4),TypeATX Mid Tower,ColorBlack,Power SupplyNone,Side PanelTinted Tempered Glass,External Volume76.7 L,"Internal 3.5"" Bays2",(4),€277.08Add,https://cdna.pcpartpicker.com/static/forever/images/product/463721369e4217261a778db8b67b118c.256p.jpg
Corsair 3000D AIRFLOW (7),TypeATX Mid Tower,ColorBlack,Power SupplyNone,Side PanelTempered Glass,External Volume49.5 L,"Internal 3.5"" Bays2",(7),€69.95Add,https://cdna.pcpartpicker.com/static/forever/images/product/586841ed9160739668a55d1321c9494e.256p.jpg
NZXT H6 Flow RGB (17),TypeATX Mid Tower,ColorWhite,Power SupplyNone,Side PanelTempered Glass,External Volume51.8 L,"Internal 3.5"" Bays1",(17),€115.95Add,https://cdna.pcpartpicker.com/static/forever/images/product/21f390a2caf255ac942d9f4d4899adee.256p.jpg
Lian Li A3-mATX (10),TypeMicroATX Mini Tower,ColorWhite,Power SupplyNone,Side PanelMesh,External Volume26.3 L,"Internal 3.5"" Bays1",(10),€60.69Add,https://cdna.pcpartpicker.com/static/forever/images/product/e7b318c275d53698549fbe3b03fbb76e.256p.jpg
Fractal Design North (48),TypeATX Mid Tower,ColorWhite,Power SupplyNone,Side PanelTempered Glass,External Volume45.1 L,"Internal 3.5"" Bays2",(48),€147.35Add,https://cdna.pcpartpicker.com/static/forever/images/product/b27a7e4bc53387580b31da81c7df34ab.256p.jpg
Deepcool CG530 4F (7),TypeATX Mid Tower,ColorBlack,Power SupplyNone,Side PanelTinted Acrylic,External Volume50.0 L,"Internal 3.5"" Bays2",(7),€75.35Add,https://cdna.pcpartpicker.com/static/forever/images/product/5921b1e072b530264f56e87c6a954f93.256p.jpg
Zalman T6 Mini (0),TypeMicroATX Mini Tower,ColorBlack,Power SupplyNone,Side PanelNone,External Volume18.6 L,"Internal 3.5"" Bays2",(0),Add,https://cdna.pcpartpicker.com/static/forever/images/product/e49abcd5702ab24afd90df323183fed1.256p.jpg
Jonsbo D32 PRO (11),TypeMicroATX Desktop,ColorBlack,Power SupplyNone,Side PanelTempered Glass,External Volume25.7 L,"Internal 3.5"" Bays2",(11),€73.90Add,https://cdna.pcpartpicker.com/static/forever/images/product/e63f1c68694e1f9fbf7d71f48052a1fe.256p.jpg
MSI MPG Sekira 500G (0),TypeATX Mid Tower,ColorBlack,Power SupplyNone,Side PanelTempered Glass,External Volume67.1 L,"Internal 3.5"" Bays6",(0),Add,https://m.media-amazon.com/images/I/31jM5zXSewL.jpg
Lian Li LANCOOL 217 INF (4),TypeATX Mid Tower,ColorBlack,Power SupplyNone,Side PanelTempered Glass,External Volume57.7 L,"Internal 3.5"" Bays4",(4),€114.44Add,https://cdna.pcpartpicker.com/static/forever/images/product/8ab290fa1403b07b9ddf10897e60670f.256p.jpg
Montech X3 Mesh (15),TypeATX Mid Tower,ColorBlack,Power SupplyNone,Side PanelTempered Glass,External Volume,"Internal 3.5"" Bays2",(15),€58.35Add,https://cdna.pcpartpicker.com/static/forever/images/product/9e7790ee9397346b4c023cc04296fb5e.256p.jpg
Corsair 7000D AIRFLOW (17),TypeATX Full Tower,ColorBlack,Power SupplyNone,Side PanelTempered Glass,External Volume81.8 L,"Internal 3.5"" Bays6",(17),€337.90Add,https://cdna.pcpartpicker.com/static/forever/images/product/aa86351c8df24a48c98e7a14f50631a3.256p.jpg
Jonsbo NV10 (0),TypeMini ITX Desktop,ColorBlack / Brown,Power SupplyNone,Side PanelMesh,External Volume4.5 L,"Internal 3.5"" Bays0",(0),€101.36Add,https://cdna.pcpartpicker.com/static/forever/images/product/76cf9932ea9ceb95c93d25febfbb2036.256p.jpg
Fractal Design Ridge PCIe 4.0 (3),TypeMini ITX Tower,ColorBlack,Power SupplyNone,Side PanelMesh,External Volume16.3 L,"Internal 3.5"" Bays0",(3),€132.35Add,https://m.media-amazon.com/images/I/31bjjZkjSOL.jpg
Lian Li O11 Dynamic Mini V2 Flow (1),TypeATX Mini Tower,ColorWhite,Power SupplyNone,Side PanelTempered Glass,External Volume45.4 L,"Internal 3.5"" Bays2",(1),€103.70Add,https://cdna.pcpartpicker.com/static/forever/images/product/4d30fd5e4f14ca88cfab0487711bec6e.256p.jpg
Asus ROG Strix Helios II (0),TypeATX Mid Tower,ColorWhite,Power SupplyNone,Side PanelTempered Glass,External Volume83.5 L,"Internal 3.5"" Bays2",(0),€334.79Add,https://cdna.pcpartpicker.com/static/forever/images/product/f12565247ac931555820e2f9f250a41c.256p.jpg
HAVN BF 360 Flow (2),TypeATX Mid Tower,ColorBlack,Power SupplyNone,Side PanelTempered Glass,External Volume68.4 L,"Internal 3.5"" Bays2",(2),€192.70Add,https://cdna.pcpartpicker.com/static/forever/images/product/8ef4d01c7c9c0c94f1b6a841f37d905e.256p.jpg
NZXT H9 Flow RGB+ (2025) (2),TypeATX Mid Tower,ColorWhite,Power SupplyNone,Side PanelTempered Glass,External Volume76.7 L,"Internal 3.5"" Bays2",(2),€304.89Add,https://cdna.pcpartpicker.com/static/forever/images/product/791f157d26538e32901a4b24f6744af7.256p.jpg
Cooler Master Elite 301 (8),TypeMicroATX Mid Tower,ColorBlack,Power SupplyNone,Side PanelTempered Glass,External Volume34.1 L,"Internal 3.5"" Bays1",(8),€40.40Add,https://cdna.pcpartpicker.com/static/forever/images/product/6da0c8f15d8814831485635c9676d23a.256p.jpg
Fractal Design Define R5 (61),TypeATX Mid Tower,ColorBlack,Power SupplyNone,Side PanelNone,External Volume54.2 L,"Internal 3.5"" Bays8",(61),€123.29Add,https://cdna.pcpartpicker.com/static/forever/images/product/3803ebb09f64ddc954a86cb7b45a8ebd.256p.jpg
NZXT H510 (167),TypeATX Mid Tower,ColorWhite,Power SupplyNone,Side PanelTempered Glass,External Volume41.3 L,"Internal 3.5"" Bays2",(167),Add,https://cdna.pcpartpicker.com/static/forever/images/product/604fef5ac9874dffa927a3db98c1188d.256p.jpg
Montech X5M (4),TypeMicroATX Mini Tower,ColorBlack,Power SupplyNone,Side PanelTempered Glass,External Volume45.3 L,"Internal 3.5"" Bays2",(4),€47.47Add,https://cdna.pcpartpicker.com/static/forever/images/product/194bb19f86f9bc3969c42346a261f480.256p.jpg
Antec FLUX PRO (8),TypeATX Full Tower,ColorBlack / Brown,Power SupplyNone,Side PanelTempered Glass,External Volume70.8 L,"Internal 3.5"" Bays4",(8),€192.80Add,https://cdna.pcpartpicker.com/static/forever/images/product/b76da1b61903db1a3a2ae31295d52f6f.256p.jpg
Jonsbo Jonsplus Z20 (17),TypeMicroATX Desktop,ColorBlack,Power SupplyNone,Side PanelTempered Glass,External Volume25.3 L,"Internal 3.5"" Bays1",(17),€88.70Add,https://cdna.pcpartpicker.com/static/forever/images/product/a4ddc6df555e1d01e63b5442f21946d7.256p.jpg
Jonsbo C6-ITX (0),TypeMini ITX Desktop,ColorBlack,Power SupplyNone,Side PanelMesh,External Volume15.9 L,"Internal 3.5"" Bays1",(0),€65.77Add,https://cdna.pcpartpicker.com/static/forever/images/product/1046a701715276b7c900588c25c30e6f.256p.jpg
NZXT H3 Flow (1),TypeMicroATX Mid Tower,ColorWhite,Power SupplyNone,Side PanelTempered Glass,External Volume35.0 L,"Internal 3.5"" Bays1",(1),€69.95Add,https://cdna.pcpartpicker.com/static/forever/images/product/ae820ec6301086ad1c7f4151a4fd9e14.256p.jpg
Fractal Design Pop Mini Air (39),TypeMicroATX Mid Tower,ColorBlack,Power SupplyNone,Side PanelTempered Glass,External Volume36.5 L,"Internal 3.5"" Bays2",(39),€84.95Add,https://cdna.pcpartpicker.com/static/forever/images/product/6bd2cbaf780aea720a3b8a53d80ce635.256p.jpg
NZXT H6 Flow RGB (16),TypeATX Mid Tower,ColorBlack,Power SupplyNone,Side PanelTempered Glass,External Volume51.8 L,"Internal 3.5"" Bays1",(16),€140.83Add,https://cdna.pcpartpicker.com/static/forever/images/product/36fe212ae1df2ee3ea86f193354e27fb.256p.jpg
Fractal Design North XL (4),TypeATX Full Tower,ColorBlack,Power SupplyNone,Side PanelMesh,External Volume61.4 L,"Internal 3.5"" Bays2",(4),€168.17Add,https://cdna.pcpartpicker.com/static/forever/images/product/5bab30acac2072bec11c308f85697dc9.256p.jpg
Phanteks EVOLV X2 (7),TypeATX Mid Tower,ColorBlack,Power SupplyNone,Side PanelTempered Glass,External Volume60.9 L,"Internal 3.5"" Bays2",(7),€149.90Add,https://cdna.pcpartpicker.com/static/forever/images/product/ff22ad5c41d204e9aeba33ea73af0c2a.256p.jpg
NZXT H9 Flow (2025) (1),TypeATX Mid Tower,ColorWhite,Power SupplyNone,Side PanelTempered Glass,External Volume76.7 L,"Internal 3.5"" Bays2",(1),€158.26Add,https://cdna.pcpartpicker.com/static/forever/images/product/c3f08e007e343d626448d0e1b5ef48e4.256p.jpg
Thermaltake View 270 Plus TG ARGB (6),TypeATX Mid Tower,ColorBlack,Power SupplyNone,Side PanelTempered Glass,External Volume47.6 L,"Internal 3.5"" Bays2",(6),€89.90Add,https://cdna.pcpartpicker.com/static/forever/images/product/9e5614134f25613ad1680297287c0aea.256p.jpg
Cooler Master MasterBox NR200P V2 (3),TypeMini ITX Desktop,ColorBlack,Power SupplyNone,Side PanelMesh,External Volume20.1 L,"Internal 3.5"" Bays1",(3),€120.00Add,https://cdna.pcpartpicker.com/static/forever/images/product/bf0023fb357f037c354139e56a95aa4d.256p.jpg
Corsair FRAME 4000D RS (3),TypeATX Mid Tower,ColorBlack,Power SupplyNone,Side PanelTempered Glass,External Volume56.7 L,"Internal 3.5"" Bays2",(3),€104.90Add,https://cdna.pcpartpicker.com/static/forever/images/product/0aace4b7694fde3ec5552a640c0f95a5.256p.jpg
