Name,Chipset,Memory,Core Clock,Boost Clock,Color,Length,Rating,Price,image_url
Gigabyte GAMING OC (13),ChipsetRadeon RX 9060 XT,Memory16 GB,Core Clock2220 MHz,Boost Clock3320 MHz,ColorBlack,Length281 mm,(13),€460.49Add,https://cdna.pcpartpicker.com/static/forever/images/product/867a636cde1c3c9762b06bde17acd022.256p.jpg
Gigabyte WINDFORCE OC SFF (10),ChipsetGeForce RTX 5070,Memory12 GB,Core Clock2160 MHz,Boost Clock2542 MHz,ColorBlack,Length282 mm,(10),€698.81Add,https://cdna.pcpartpicker.com/static/forever/images/product/136567e8e098d881d15de177db1e9243.256p.jpg
Asus ROG Astral OC (8),ChipsetGeForce RTX 5090,Memory32 GB,Core Clock2010 MHz,Boost Clock2610 MHz,ColorBlack / Silver,Length358 mm,(8),€4449.99Add,https://cdna.pcpartpicker.com/static/forever/images/product/0161407080353d18971dcccd15dc3722.256p.jpg
MSI GeForce RTX 3060 Ventus 2X 12G (35),ChipsetGeForce RTX 3060 12GB,Memory12 GB,Core Clock1320 MHz,Boost Clock1777 MHz,ColorBlack,Length235 mm,(35),€565.50Add,https://cdna.pcpartpicker.com/static/forever/images/product/dbc81b89efc82ce66fb2e3ab7e0f0658.256p.jpg
Gigabyte GAMING OC (29),ChipsetRadeon RX 9070 XT,Memory16 GB,Core Clock2520 MHz,Boost Clock3060 MHz,ColorBlack,Length288 mm,(29),€749.95Add,https://cdna.pcpartpicker.com/static/forever/images/product/c667996432f428a46dd9e6286ff95b5f.256p.jpg
MSI SHADOW 2X OC (3),ChipsetGeForce RTX 5060,Memory8 GB,Core Clock2280 MHz,Boost Clock2535 MHz,ColorBlack / Silver,Length197 mm,(3),Add,https://cdna.pcpartpicker.com/static/forever/images/product/8c4f403aea1d6a32045a6368e23486c1.256p.jpg
Asus PRIME (12),ChipsetGeForce RTX 5070 Ti,Memory16 GB,Core Clock2300 MHz,Boost Clock2482 MHz,ColorBlack / White,Length306 mm,(12),Out of stock€1128.78Add,https://cdna.pcpartpicker.com/static/forever/images/product/43191ac360269737064e20b57d60c9b6.256p.jpg
Asus DUAL OC (4),ChipsetGeForce RTX 5060 Ti,Memory16 GB,Core Clock2410 MHz,Boost Clock2632 MHz,ColorBlack / Silver,Length229 mm,(4),€704.90Add,https://cdna.pcpartpicker.com/static/forever/images/product/59667fe806af75adbdce293b8f5fb626.256p.jpg
Intel Limited Edition (27),ChipsetArc B580,Memory12 GB,Core Clock2670 MHz,Boost Clock,ColorBlack,Length272 mm,(27),€275.79Add,https://cdna.pcpartpicker.com/static/forever/images/product/4d6582f8f760f3da54b0dc4f85a816d4.256p.jpg
Asus PRIME OC (20),ChipsetRadeon RX 9070 XT,Memory16 GB,Core Clock2460 MHz,Boost Clock3030 MHz,ColorBlack,Length312 mm,(20),€739.90Add,https://cdna.pcpartpicker.com/static/forever/images/product/a276b7c0da9743accbc0a6e0d88732df.256p.jpg
Sapphire PULSE (9),ChipsetRadeon RX 9060 XT,Memory16 GB,Core Clock2220 MHz,Boost Clock3290 MHz,ColorBlack,Length240 mm,(9),€485.56Add,https://cdna.pcpartpicker.com/static/forever/images/product/bb4fb586eae43c6dd135c6a5b97ddb52.256p.jpg
MSI SHADOW 3X OC (1),ChipsetGeForce RTX 5080,Memory16 GB,Core Clock2300 MHz,Boost Clock2655 MHz,ColorBlack,Length303 mm,(1),Add,https://cdna.pcpartpicker.com/static/forever/images/product/d91d1da465afdceccb1152763b266b4a.256p.jpg
Inno3D X3 OC (0),ChipsetGeForce RTX 5090,Memory32 GB,Core Clock2017 MHz,Boost Clock2452 MHz,ColorBlack / Silver,Length333 mm,(0),Out of stock€2878.69Add,https://cdna.pcpartpicker.com/static/forever/images/product/0f558bb226e573c90c058cab02fbd1c1.256p.jpg
PowerColor Reaper (10),ChipsetRadeon RX 9060 XT,Memory16 GB,Core Clock2220 MHz,Boost Clock3230 MHz,ColorBlack,Length200 mm,(10),€455.69Add,https://cdna.pcpartpicker.com/static/forever/images/product/f534d935371e62d5ae8e46e9f05f300d.256p.jpg
Gigabyte WINDFORCE OC (1),ChipsetGeForce RTX 5060,Memory8 GB,Core Clock2280 MHz,Boost Clock,ColorBlack,Length199 mm,(1),€332.47Add,https://cdna.pcpartpicker.com/static/forever/images/product/b5efd683779ac37de1ac562745545713.256p.jpg
Asus PRIME OC (10),ChipsetGeForce RTX 5070,Memory12 GB,Core Clock2160 MHz,Boost Clock,ColorBlack / White,Length306 mm,(10),€641.69Add,https://cdna.pcpartpicker.com/static/forever/images/product/fde7ea2fd82e40a1a6acb5297de68611.256p.jpg
MSI GAMING TRIO OC (5),ChipsetGeForce RTX 5070 Ti,Memory16 GB,Core Clock2300 MHz,Boost Clock2580 MHz,ColorBlack,Length338 mm,(5),€1188.90Add,https://cdna.pcpartpicker.com/static/forever/images/product/370365e652c3b14625e18aedae953a7b.256p.jpg
ASRock Challenger (9),ChipsetRadeon RX 9070 XT,Memory16 GB,Core Clock2400 MHz,Boost Clock2970 MHz,ColorBlack,Length290 mm,(9),€760.79Add,https://cdna.pcpartpicker.com/static/forever/images/product/f016a332e2c52da6b3bc42013e651566.256p.jpg
XFX Swift OC (17),ChipsetRadeon RX 9060 XT,Memory16 GB,Core Clock2220 MHz,Boost Clock3320 MHz,ColorBlack,Length290 mm,(17),€464.00Add,https://cdna.pcpartpicker.com/static/forever/images/product/b7e8bd378dc83ed462dd986eb508ace7.256p.jpg
PNY OC (11),ChipsetGeForce RTX 5070 Ti,Memory16 GB,Core Clock2295 MHz,Boost Clock2572 MHz,ColorBlack,Length300 mm,(11),€1088.99Add,https://cdna.pcpartpicker.com/static/forever/images/product/4fbe161d8b3204734dc5c964dc5443e4.256p.jpg
PNY VCNRTX6000ADA-PB (1),ChipsetRTX 6000 Ada Generation,Memory48 GB,Core Clock915 MHz,Boost Clock2505 MHz,ColorBlack / Gold,Length267 mm,(1),€7970.00Add,https://cdna.pcpartpicker.com/static/forever/images/product/6ef5b8f1b94982c71019a0d9ac2795e2.256p.jpg
MSI VENTUS 2X XS OC (1),ChipsetGeForce RTX 3050 8GB,Memory8 GB,Core Clock1550 MHz,Boost Clock1807 MHz,ColorBlack / Gray,Length205 mm,(1),€289.04Add,https://cdna.pcpartpicker.com/static/forever/images/product/cd30fd761012460241548ac2a5a9f8a4.256p.jpg
Gigabyte WINDFORCE SFF (6),ChipsetGeForce RTX 5070 Ti,Memory16 GB,Core Clock2452 MHz,Boost Clock,ColorBlack,Length304 mm,(6),€1066.83Add,https://cdna.pcpartpicker.com/static/forever/images/product/e7c2e56f9ec5d4486076d654d8237afe.256p.jpg
NVIDIA Founders Edition (15),ChipsetGeForce RTX 5090,Memory32 GB,Core Clock2017 MHz,Boost Clock2407 MHz,ColorBlack / Silver,Length304 mm,(15),Add,https://cdna.pcpartpicker.com/static/forever/images/product/6b0f4a7c280559e287c8a35ed24da423.256p.jpg
Asus PRIME (8),ChipsetGeForce RTX 5070,Memory12 GB,Core Clock2160 MHz,Boost Clock,ColorBlack / White,Length306 mm,(8),€663.49Add,https://cdna.pcpartpicker.com/static/forever/images/product/ff0463c9c1bab135e7d0be471295c5ee.256p.jpg
MSI SHADOW 2X OC (4),ChipsetGeForce RTX 5070,Memory12 GB,Core Clock2557 MHz,Boost Clock,ColorBlack,Length231 mm,(4),Add,https://cdna.pcpartpicker.com/static/forever/images/product/986e66c86f4581f1ee886ab54482f015.256p.jpg
Asus DUAL (2),ChipsetRadeon RX 9060 XT,Memory16 GB,Core Clock2220 MHz,Boost Clock3250 MHz,ColorBlack,Length202 mm,(2),€429.90Add,https://cdna.pcpartpicker.com/static/forever/images/product/e049daeea6a93f7ac4473a2314c95f0b.256p.jpg
Sapphire PULSE (27),ChipsetRadeon RX 9070 XT,Memory16 GB,Core Clock2400 MHz,Boost Clock2970 MHz,ColorBlack,Length320 mm,(27),€719.95Add,https://cdna.pcpartpicker.com/static/forever/images/product/476e6143a031380658f2fdb9d5a2126d.256p.jpg
MSI VENTUS 2X OC (1),ChipsetGeForce RTX 3050 6GB,Memory6 GB,Core Clock1040 MHz,Boost Clock1492 MHz,ColorBlack,Length189 mm,(1),€279.00Add,https://cdna.pcpartpicker.com/static/forever/images/product/f86c8c5780481bd5cfd54e7251ce354e.256p.jpg
Gigabyte WINDFORCE OC SFF (5),ChipsetGeForce RTX 5070 Ti,Memory16 GB,Core Clock2497 MHz,Boost Clock,ColorBlack,Length304 mm,(5),€955.80Add,https://cdna.pcpartpicker.com/static/forever/images/product/01f288f2abde496dcb1620b0da58df50.256p.jpg
ASRock Challenger OC (10),ChipsetRadeon RX 9060 XT,Memory16 GB,Core Clock2220 MHz,Boost Clock3290 MHz,ColorBlack / Silver,Length249 mm,(10),€527.13Add,https://cdna.pcpartpicker.com/static/forever/images/product/67f500a12c85e2179f6cbad6cc4838cb.256p.jpg
Asus PRIME OC (4),ChipsetGeForce RTX 5070 Ti,Memory16 GB,Core Clock2300 MHz,Boost Clock2527 MHz,ColorBlack / White,Length306 mm,(4),€1041.58Add,https://cdna.pcpartpicker.com/static/forever/images/product/43191ac360269737064e20b57d60c9b6.256p.jpg
Gigabyte WINDFORCE OC SFF (4),ChipsetGeForce RTX 5080,Memory16 GB,Core Clock2300 MHz,Boost Clock,ColorBlack,Length304 mm,(4),€1349.99Add,https://cdna.pcpartpicker.com/static/forever/images/product/b593bb95ec0b9a1c2e4bf889f2a8dd32.256p.jpg
ASRock Steel Legend (26),ChipsetRadeon RX 9070 XT,Memory16 GB,Core Clock2400 MHz,Boost Clock2970 MHz,ColorWhite / Gray,Length298 mm,(26),€755.86Add,https://cdna.pcpartpicker.com/static/forever/images/product/289050b8f57e88a5cc6ea4463310a5ef.256p.jpg
PNY OC (12),ChipsetGeForce RTX 5070,Memory12 GB,Core Clock2325 MHz,Boost Clock2587 MHz,ColorBlack,Length300 mm,(12),€779.04Add,https://cdna.pcpartpicker.com/static/forever/images/product/0973dbab1cd448060518fa00a079616c.256p.jpg
NVIDIA Founders Edition (18),ChipsetGeForce RTX 5080,Memory16 GB,Core Clock2300 MHz,Boost Clock2620 MHz,ColorBlack / Gray,Length304 mm,(18),Add,https://cdna.pcpartpicker.com/static/forever/images/product/827dd8b562ba551d7e5e6376c153e4e0.256p.jpg
NVIDIA Founders Edition (11),ChipsetGeForce RTX 5070,Memory12 GB,Core Clock2160 MHz,Boost Clock2510 MHz,ColorBlack / Gray,Length242 mm,(11),Add,https://cdna.pcpartpicker.com/static/forever/images/product/47f0dc00854d366a83eb4a669b988969.256p.jpg
Asus TUF GAMING OC (12),ChipsetGeForce RTX 5070 Ti,Memory16 GB,Core Clock2300 MHz,Boost Clock2610 MHz,ColorBlack / Silver,Length329 mm,(12),€1099.90Add,https://cdna.pcpartpicker.com/static/forever/images/product/a9f549d5905f54cf6f3e43c9a38643d5.256p.jpg
Asus ROG Astral OC (1),ChipsetGeForce RTX 5090,Memory32 GB,Core Clock2010 MHz,Boost Clock2610 MHz,ColorWhite,Length358 mm,(1),€5003.00Add,https://cdna.pcpartpicker.com/static/forever/images/product/3029551a5188e0135f3106c0d45ddf6d.256p.jpg
Asus ROG Astral OC (10),ChipsetGeForce RTX 5080,Memory16 GB,Core Clock2300 MHz,Boost Clock,ColorBlack / Silver,Length358 mm,(10),€1804.89Add,https://cdna.pcpartpicker.com/static/forever/images/product/94f5fe9dfa12cf9590ae428b8ba3da53.256p.jpg
PNY Dual Fan OC (4),ChipsetGeForce RTX 5060 Ti,Memory16 GB,Core Clock2407 MHz,Boost Clock2691 MHz,ColorBlack,Length245 mm,(4),€931.29Add,https://cdna.pcpartpicker.com/static/forever/images/product/905c5188bfef0485bb8f9c8928f1a765.256p.jpg
PowerColor Reaper (10),ChipsetRadeon RX 9070 XT,Memory16 GB,Core Clock2400 MHz,Boost Clock2970 MHz,ColorBlack / Red,Length289 mm,(10),€655.69Add,https://cdna.pcpartpicker.com/static/forever/images/product/160efdc913b158179077601d43569379.256p.jpg
Asus TUF GAMING OC (5),ChipsetGeForce RTX 5080,Memory16 GB,Core Clock2300 MHz,Boost Clock,ColorBlack / Silver,Length348 mm,(5),€1478.90Add,https://cdna.pcpartpicker.com/static/forever/images/product/a5d521869c682b9b728f2a33f3c555ac.256p.jpg
MSI GAMING TRIO OC (8),ChipsetGeForce RTX 5090,Memory32 GB,Core Clock2010 MHz,Boost Clock,ColorBlack / Silver,Length359 mm,(8),€3400.00Add,https://cdna.pcpartpicker.com/static/forever/images/product/95f27af65a763da39cf414b23ee93a8f.256p.jpg
XFX Swift OC (4),ChipsetRadeon RX 9060 XT,Memory16 GB,Core Clock2220 MHz,Boost Clock3320 MHz,ColorWhite,Length290 mm,(4),€464.00Add,https://cdna.pcpartpicker.com/static/forever/images/product/239b1d3f3ab075d5d3c988790ff8dbf6.256p.jpg
MSI SHADOW 3X OC (4),ChipsetGeForce RTX 5070 Ti,Memory16 GB,Core Clock2300 MHz,Boost Clock2497 MHz,ColorBlack,Length303 mm,(4),Add,https://cdna.pcpartpicker.com/static/forever/images/product/7221b486502c1d25055ea2c4178c77c9.256p.jpg
Asus PRIME (4),ChipsetGeForce RTX 5060 Ti,Memory16 GB,Core Clock2410 MHz,Boost Clock2602 MHz,ColorBlack,Length304 mm,(4),€881.89Add,https://cdna.pcpartpicker.com/static/forever/images/product/29d0c5fc21054e86e0745c1395dc8e7e.256p.jpg
XFX Swift (16),ChipsetRadeon RX 9070 XT,Memory16 GB,Core Clock1660 MHz,Boost Clock2970 MHz,ColorBlack,Length325 mm,(16),€736.00Add,https://cdna.pcpartpicker.com/static/forever/images/product/c1c0551489e7f81cd521f6bfc7dac233.256p.jpg
NVIDIA Founders Edition (65),ChipsetGeForce RTX 3060 Ti,Memory8 GB,Core Clock1410 MHz,Boost Clock1670 MHz,ColorBlack / Silver,Length242 mm,(65),Add,https://cdna.pcpartpicker.com/static/forever/images/product/48eea8a717330fc5dd5856b1fae65042.256p.jpg
MSI VENTUS 3X OC (9),ChipsetGeForce RTX 5070 Ti,Memory16 GB,Core Clock2300 MHz,Boost Clock2497 MHz,ColorSilver / Black,Length303 mm,(9),€987.90Add,https://cdna.pcpartpicker.com/static/forever/images/product/39f468764f322157ce781ad2c4fa803b.256p.jpg
Sapphire NITRO+ (25),ChipsetRadeon RX 9070 XT,Memory16 GB,Core Clock2520 MHz,Boost Clock3060 MHz,ColorBlack,Length331 mm,(25),€769.00Add,https://cdna.pcpartpicker.com/static/forever/images/product/1add1f9857eec8cf98c8963331dfe4b6.256p.jpg
MSI VENTUS 2X BLACK OC (12),ChipsetGeForce RTX 4060,Memory8 GB,Core Clock1830 MHz,Boost Clock2505 MHz,ColorBlack,Length199 mm,(12),€550.00Add,https://cdna.pcpartpicker.com/static/forever/images/product/c89cc9ea2051206aebd4189ddf05f76b.256p.jpg
Asus DUAL OC (0),ChipsetGeForce RTX 5060,Memory8 GB,Core Clock2280 MHz,Boost Clock2565 MHz,ColorBlack,Length228 mm,(0),€325.69Add,https://cdna.pcpartpicker.com/static/forever/images/product/23a1e1dd2f60fa785cdb2997371feabf.256p.jpg
ASRock Challenger OC (5),ChipsetArc B580,Memory12 GB,Core Clock2670 MHz,Boost Clock2740 MHz,ColorBlack,Length249 mm,(5),€315.00Add,https://cdna.pcpartpicker.com/static/forever/images/product/370f3e820daf59ae47e87c94e296822d.256p.jpg
Asus PRIME OC (4),ChipsetGeForce RTX 5080,Memory16 GB,Core Clock2300 MHz,Boost Clock,ColorBlack / White,Length306 mm,(4),€1503.00Add,https://cdna.pcpartpicker.com/static/forever/images/product/0c9d152472660eb1a3ac2551b15c8ada.256p.jpg
XFX Swift OC (7),ChipsetRadeon RX 9060 XT,Memory16 GB,Core Clock2220 MHz,Boost Clock3320 MHz,ColorBlack,Length270 mm,(7),€453.00Add,https://cdna.pcpartpicker.com/static/forever/images/product/d07f7f24d04083a57ef41d3130cbd992.256p.jpg
Gigabyte GAMING OC (0),ChipsetGeForce RTX 5060 Ti,Memory16 GB,Core Clock2410 MHz,Boost Clock2647 MHz,ColorBlack,Length281 mm,(0),€780.29Add,https://cdna.pcpartpicker.com/static/forever/images/product/cb68f30150eed43e764817cccdee7feb.256p.jpg
MSI GT 710 2GD3 LP (7),ChipsetGeForce GT 710,Memory2 GB,Core Clock954 MHz,Boost Clock,ColorBlack,Length146 mm,(7),Add,https://m.media-amazon.com/images/I/41dQe-GXE9L.jpg
Gigabyte AERO OC (10),ChipsetGeForce RTX 5070 Ti,Memory16 GB,Core Clock2588 MHz,Boost Clock,ColorWhite / Silver,Length340 mm,(10),€1152.69Add,https://cdna.pcpartpicker.com/static/forever/images/product/87996fa1877095ab8f6db8fb7b6adf34.256p.jpg
Sparkle GUARDIAN OC (5),ChipsetArc B570,Memory10 GB,Core Clock2500 MHz,Boost Clock2660 MHz,ColorBlue / White,Length242 mm,(5),€253.88Add,https://cdna.pcpartpicker.com/static/forever/images/product/202a483fa844f57205559d09fde92b21.256p.jpg
PowerColor Hellhound OC (8),ChipsetRadeon RX 9070 XT,Memory16 GB,Core Clock2400 MHz,Boost Clock3010 MHz,ColorBlack,Length327 mm,(8),€791.70Add,https://cdna.pcpartpicker.com/static/forever/images/product/7b81884d452c572f52509f613a1d328f.256p.jpg
MSI GAMING TRIO OC (6),ChipsetGeForce RTX 5080,Memory16 GB,Core Clock2300 MHz,Boost Clock,ColorBlack / Silver,Length338 mm,(6),€1579.00Add,https://cdna.pcpartpicker.com/static/forever/images/product/b9d497b4a6cf3f7d1d475cb03ca001d3.256p.jpg
Gigabyte GAMING OC (5),ChipsetGeForce RTX 5080,Memory16 GB,Core Clock2300 MHz,Boost Clock,ColorBlack,Length340 mm,(5),€1334.79Add,https://cdna.pcpartpicker.com/static/forever/images/product/f59f755822e537a84f21ec7920a76f83.256p.jpg
Gigabyte EAGLE OC SFF (2),ChipsetGeForce RTX 5070,Memory12 GB,Core Clock2160 MHz,Boost Clock2587 MHz,ColorWhite,Length290 mm,(2),€708.80Add,https://cdna.pcpartpicker.com/static/forever/images/product/a3192df075922ee3bd6fe1e04301b624.256p.jpg
ASRock Challenger (10),ChipsetRadeon RX 9070,Memory16 GB,Core Clock2070 MHz,Boost Clock2520 MHz,ColorBlack / Silver,Length290 mm,(10),€705.69Add,https://cdna.pcpartpicker.com/static/forever/images/product/4b0008912e6c94054f947bf95256f000.256p.jpg
Gigabyte AORUS MASTER (8),ChipsetGeForce RTX 5090,Memory32 GB,Core Clock2010 MHz,Boost Clock2655 MHz,ColorWhite,Length360 mm,(8),€4250.00Add,https://cdna.pcpartpicker.com/static/forever/images/product/3b48514507cb494a63445b44ad4592ec.256p.jpg
Gigabyte GAMING OC (0),ChipsetRadeon RX 9060 XT,Memory8 GB,Core Clock2220 MHz,Boost Clock3320 MHz,ColorBlack,Length281 mm,(0),€353.00Add,https://cdna.pcpartpicker.com/static/forever/images/product/7cde8a4a65736da55a296019d97e3570.256p.jpg
Gigabyte WINDFORCE OC (0),ChipsetGeForce RTX 5060 Ti,Memory16 GB,Core Clock2410 MHz,Boost Clock2587 MHz,ColorBlack,Length208 mm,(0),€659.00Add,https://cdna.pcpartpicker.com/static/forever/images/product/5828f649323d40bd3d3751c67e9cc31c.256p.jpg
Asus PRIME (8),ChipsetGeForce RTX 5080,Memory16 GB,Core Clock2300 MHz,Boost Clock,ColorBlack / White,Length306 mm,(8),Out of stock€1612.53Add,https://cdna.pcpartpicker.com/static/forever/images/product/d3b30a207c7d1f6425a742e9169a8ee0.256p.jpg
MSI VENTUS 2X PLUS OC (1),ChipsetGeForce RTX 5060 Ti,Memory8 GB,Core Clock2410 MHz,Boost Clock2617 MHz,ColorBlack / Gray,Length227 mm,(1),€439.90Add,https://cdna.pcpartpicker.com/static/forever/images/product/448885cffd9a078d3cd0a6c8aa2305e6.256p.jpg
XFX GTS XXX (45),ChipsetRadeon RX 580,Memory8 GB,Core Clock1366 MHz,Boost Clock1386 MHz,ColorBlack / Red,Length270 mm,(45),Add,https://cdna.pcpartpicker.com/static/forever/images/product/7a8d66854d65f497aca573e84772d861.256p.jpg
PowerColor Reaper (4),ChipsetRadeon RX 9070,Memory16 GB,Core Clock2070 MHz,Boost Clock2520 MHz,ColorBlack,Length289 mm,(4),€655.69Add,https://cdna.pcpartpicker.com/static/forever/images/product/ee430c2bbe34ba14fdf0378514f2bfdc.256p.jpg
MSI SHADOW 2X OC (0),ChipsetGeForce RTX 5050,Memory8 GB,Core Clock2317 MHz,Boost Clock2617 MHz,ColorBlack,Length197 mm,(0),Add,https://cdna.pcpartpicker.com/static/forever/images/product/417ef0fca6cbb4b12abd9e23267e57dc.256p.jpg
XFX Speedster MERC 310 Black Edition (64),ChipsetRadeon RX 7900 XTX,Memory24 GB,Core Clock2300 MHz,Boost Clock2615 MHz,ColorBlack / Silver,Length344 mm,(64),€908.00Add,https://cdna.pcpartpicker.com/static/forever/images/product/4b6e1666bdde2d084cb87b98ba5d8b30.256p.jpg
Asus PRIME OC (1),ChipsetRadeon RX 9060 XT,Memory16 GB,Core Clock2220 MHz,Boost Clock3330 MHz,ColorBlack,Length304 mm,(1),€537.85Add,https://cdna.pcpartpicker.com/static/forever/images/product/8030cec7e0232aaeb5be9ef5bf998ed5.256p.jpg
ASRock Challenger OC (6),ChipsetRadeon RX 7700 XT,Memory12 GB,Core Clock1700 MHz,Boost Clock2584 MHz,ColorBlack,Length266 mm,(6),€712.85Add,https://cdna.pcpartpicker.com/static/forever/images/product/fdfa1b89cb54fb91483ca1fbc6b57f3f.256p.jpg
Gigabyte WINDFORCE OC (27),ChipsetGeForce RTX 4070,Memory12 GB,Core Clock1920 MHz,Boost Clock2490 MHz,ColorBlack,Length261 mm,(27),Add,https://cdna.pcpartpicker.com/static/forever/images/product/772cce097c55469671a0d75ea4aca83a.256p.jpg
Asus DUAL EVO OC (1),ChipsetRadeon RX 7600,Memory8 GB,Core Clock1720 MHz,Boost Clock2715 MHz,ColorBlack,Length229 mm,(1),€305.95Add,https://m.media-amazon.com/images/I/414SnAcfbtL.jpg
Asus PRIME (0),ChipsetGeForce RTX 5060,Memory8 GB,Core Clock2280 MHz,Boost Clock2527 MHz,ColorBlack,Length268 mm,(0),€514.00Add,https://cdna.pcpartpicker.com/static/forever/images/product/6bbae69221cd801a3152c8f12e7c27af.256p.jpg
Asus TUF GAMING OC (2),ChipsetGeForce RTX 5070 Ti,Memory16 GB,Core Clock2300 MHz,Boost Clock2610 MHz,ColorWhite / Silver,Length329 mm,(2),€1248.90Add,https://cdna.pcpartpicker.com/static/forever/images/product/84b3d160dc1ca70eed788fc5a3257ab0.256p.jpg
XFX Speedster SWFT 210 Core (6),ChipsetRadeon RX 7600,Memory8 GB,Core Clock1875 MHz,Boost Clock2655 MHz,ColorBlack,Length241 mm,(6),€262.00Add,https://m.media-amazon.com/images/I/41qsQY8oXcL.jpg
Gigabyte GAMING OC (11),ChipsetGeForce RTX 5070 Ti,Memory16 GB,Core Clock2588 MHz,Boost Clock,ColorBlack,Length340 mm,(11),€1038.00Add,https://cdna.pcpartpicker.com/static/forever/images/product/7286e3994f72346993fa78135c86ddbe.256p.jpg
Asus ROG Astral OC (0),ChipsetGeForce RTX 5080,Memory16 GB,Core Clock2300 MHz,Boost Clock2790 MHz,ColorWhite,Length358 mm,(0),€2099.00Add,https://cdna.pcpartpicker.com/static/forever/images/product/0c61adf68593e6468e8391b21dd9f9cb.256p.jpg
Gigabyte GAMING OC (4),ChipsetGeForce RTX 5090,Memory32 GB,Core Clock2010 MHz,Boost Clock2550 MHz,ColorBlack,Length342 mm,(4),€3799.00Add,https://cdna.pcpartpicker.com/static/forever/images/product/082be5f3ed8c7574ada8ed2cecddcb5c.256p.jpg
XFX RX-79TMBABF9 (6),ChipsetRadeon RX 7900 XT,Memory20 GB,Core Clock2000 MHz,Boost Clock2400 MHz,ColorBlack,Length276 mm,(6),€696.00Add,https://cdna.pcpartpicker.com/static/forever/images/product/a05245760a1b9fd2988847a60767d99e.256p.jpg
ASRock Phantom Gaming OC (15),ChipsetRadeon RX 7900 XTX,Memory24 GB,Core Clock2300 MHz,Boost Clock2615 MHz,ColorBlack,Length330 mm,(15),Add,https://cdna.pcpartpicker.com/static/forever/images/product/d3d588536b23037ec14a155a67de9e4a.256p.jpg
Sapphire PURE (8),ChipsetRadeon RX 9070 XT,Memory16 GB,Core Clock2460 MHz,Boost Clock3010 MHz,ColorWhite,Length320 mm,(8),€719.90Add,https://cdna.pcpartpicker.com/static/forever/images/product/2c06f017723d991b814947ff0c9bd519.256p.jpg
Gigabyte WINDFORCE OC Rev 2.0 (3),ChipsetGeForce RTX 3060 12GB,Memory12 GB,Core Clock1320 MHz,Boost Clock1792 MHz,ColorBlack,Length198 mm,(3),Add,https://m.media-amazon.com/images/I/41iMJH0EHKL.jpg
ASRock Steel Legend OC (4),ChipsetRadeon RX 9060 XT,Memory16 GB,Core Clock2220 MHz,Boost Clock3320 MHz,ColorWhite / Gray,Length298 mm,(4),€499.00Add,https://cdna.pcpartpicker.com/static/forever/images/product/1a235541a242ee9e62115ee9f4e43a7d.256p.jpg
Asus TUF GAMING OC (5),ChipsetGeForce RTX 5070,Memory12 GB,Core Clock2160 MHz,Boost Clock,ColorBlack / Silver,Length329 mm,(5),€704.37Add,https://cdna.pcpartpicker.com/static/forever/images/product/468c069e4aca2de25f8d17145b61b51e.256p.jpg
MSI VENTUS 2X OC (4),ChipsetGeForce RTX 5070,Memory12 GB,Core Clock2160 MHz,Boost Clock2557 MHz,ColorSilver / Black,Length236 mm,(4),€585.69Add,https://cdna.pcpartpicker.com/static/forever/images/product/3b41941b9302f7e9095a49d681a27835.256p.jpg
Asus TUF GAMING OC (20),ChipsetGeForce GTX 1660 SUPER,Memory6 GB,Core Clock1530 MHz,Boost Clock1845 MHz,ColorBlack,Length206 mm,(20),Add,https://cdna.pcpartpicker.com/static/forever/images/product/f61456701d1322e072508a4c608b7732.256p.jpg
NVIDIA Founders Edition (34),ChipsetGeForce RTX 4090,Memory24 GB,Core Clock2230 MHz,Boost Clock2520 MHz,ColorBlack / Silver,Length304 mm,(34),Add,https://cdna.pcpartpicker.com/static/forever/images/product/07ff8dc03a65e34edc811c97d838af9a.256p.jpg
MSI VENTUS 2X PLUS OC (3),ChipsetGeForce RTX 5060 Ti,Memory16 GB,Core Clock2410 MHz,Boost Clock2617 MHz,ColorBlack / Gray,Length227 mm,(3),€603.00Add,https://cdna.pcpartpicker.com/static/forever/images/product/119d0908566b15ced62e41f53a108469.256p.jpg
MSI VENTUS 3X OC (0),ChipsetGeForce RTX 5080,Memory16 GB,Core Clock2300 MHz,Boost Clock2655 MHz,ColorWhite,Length303 mm,(0),€1534.14Add,https://cdna.pcpartpicker.com/static/forever/images/product/b3e14fb33812db4cb9829a18b6066b2c.256p.jpg
Asus ROG STRIX GAMING OC (1),ChipsetGeForce RTX 5070 Ti,Memory16 GB,Core Clock2300 MHz,Boost Clock2625 MHz,ColorBlack / Silver,Length332 mm,(1),€1326.90Add,https://cdna.pcpartpicker.com/static/forever/images/product/b17fcb9e900098a2cc46c5fe2c2411a6.256p.jpg
ASRock Challenger D (36),ChipsetRadeon RX 6600,Memory8 GB,Core Clock1626 MHz,Boost Clock,ColorBlack,Length269 mm,(36),Add,https://cdna.pcpartpicker.com/static/forever/images/product/c5489241c902a9ae06a42212e978f989.256p.jpg
MSI SUPRIM LIQUID SOC (5),ChipsetGeForce RTX 5090,Memory32 GB,Core Clock2010 MHz,Boost Clock,ColorBlack / Silver,Length280 mm,(5),Out of stock€2899.68Add,https://cdna.pcpartpicker.com/static/forever/images/product/ceb6bf84996a0c5d069a73e5b48c4d75.256p.jpg
XFX Swift (5),ChipsetRadeon RX 9070 XT,Memory16 GB,Core Clock1660 MHz,Boost Clock2970 MHz,ColorWhite,Length325 mm,(5),€736.00Add,https://cdna.pcpartpicker.com/static/forever/images/product/66ab940d990308e87d1e2f33130d0831.256p.jpg
Asus DUAL EVO OC (0),ChipsetGeForce RTX 4060 Ti,Memory8 GB,Core Clock2310 MHz,Boost Clock2595 MHz,ColorBlack,Length227 mm,(0),Add,https://cdna.pcpartpicker.com/static/forever/images/product/9587565162ba3dd767fd21a6b640c824.256p.jpg
